-0.40795;2.89259e-16;-0.368596
-0.408002;2.89227e-16;-0.368562
-0.408073;2.89182e-16;-0.368517
-0.408156;2.89127e-16;-0.368467
-0.408247;2.89066e-16;-0.368414
-0.408341;2.89e-16;-0.368364
-0.408433;2.88932e-16;-0.368318
-0.40852;2.88864e-16;-0.368282
-0.408596;2.88797e-16;-0.368258
-0.40866;2.88735e-16;-0.368249
-0.408706;2.88678e-16;-0.368258
-0.408732;2.88628e-16;-0.368287
-0.408736;2.88587e-16;-0.368339
-0.408714;2.88556e-16;-0.368415
-0.408664;2.88536e-16;-0.368518
-0.408584;2.88528e-16;-0.36865
-0.408472;2.88534e-16;-0.368811
-0.408327;2.88554e-16;-0.369003
-0.408147;2.88588e-16;-0.369227
-0.407931;2.88639e-16;-0.369483
-0.407678;2.88705e-16;-0.369773
-0.407388;2.88787e-16;-0.370096
-0.40706;2.88887e-16;-0.370452
-0.406693;2.89003e-16;-0.370843
-0.406288;2.89135e-16;-0.371267
-0.405844;2.89285e-16;-0.371724
-0.405363;2.89452e-16;-0.372214
-0.404843;2.89635e-16;-0.372736
-0.404286;2.89834e-16;-0.37329
-0.403692;2.9005e-16;-0.373874
-0.403062;2.90282e-16;-0.374488
-0.402396;2.90528e-16;-0.375131
-0.401696;2.9079e-16;-0.375801
-0.400963;2.91066e-16;-0.376498
-0.400198;2.91355e-16;-0.377219
-0.399401;2.91658e-16;-0.377965
-0.398575;2.91973e-16;-0.378733
-0.397719;2.923e-16;-0.379523
-0.396837;2.92639e-16;-0.380332
-0.395928;2.92987e-16;-0.381159
-0.394995;2.93346e-16;-0.382003
-0.394039;2.93714e-16;-0.382863
-0.393061;2.9409e-16;-0.383736
-0.392062;2.94474e-16;-0.384622
-0.391045;2.94865e-16;-0.385519
-0.390011;2.95262e-16;-0.386426
-0.388961;2.95664e-16;-0.387341
-0.387897;2.96071e-16;-0.388262
-0.38682;2.96482e-16;-0.389189
-0.385732;2.96896e-16;-0.390119
-0.384634;2.97313e-16;-0.391052
-0.383528;2.97732e-16;-0.391987
-0.382415;2.98152e-16;-0.392921
-0.381297;2.98572e-16;-0.393854
-0.380176;2.98992e-16;-0.394784
-0.379052;2.99411e-16;-0.39571
-0.377927;2.99829e-16;-0.396632
-0.376804;3.00244e-16;-0.397547
-0.375682;3.00656e-16;-0.398454
-0.374564;3.01065e-16;-0.399354
-0.373451;3.0147e-16;-0.400243
-0.372345;3.0187e-16;-0.401122
-0.371247;3.02264e-16;-0.401989
-0.370157;3.02653e-16;-0.402843
-0.369078;3.03035e-16;-0.403684
-0.368011;3.0341e-16;-0.40451
-0.366958;3.03777e-16;-0.405321
-0.365918;3.04137e-16;-0.406115
-0.364895;3.04487e-16;-0.406892
-0.363888;3.04829e-16;-0.407651
-0.362899;3.05161e-16;-0.408392
-0.36193;3.05483e-16;-0.409112
-0.36098;3.05794e-16;-0.409813
-0.360052;3.06094e-16;-0.410493
-0.359146;3.06384e-16;-0.411151
-0.358264;3.06661e-16;-0.411788
-0.357406;3.06927e-16;-0.412402
-0.356572;3.0718e-16;-0.412993
-0.355765;3.07421e-16;-0.413561
-0.354983;3.07649e-16;-0.414105
-0.354229;3.07864e-16;-0.414625
-0.353503;3.08066e-16;-0.415121
-0.352804;3.08254e-16;-0.415593
-0.352134;3.08429e-16;-0.41604
-0.351494;3.08591e-16;-0.416462
-0.350882;3.08739e-16;-0.41686
-0.3503;3.08873e-16;-0.417233
-0.349747;3.08994e-16;-0.417581
-0.349224;3.09101e-16;-0.417905
-0.348731;3.09194e-16;-0.418205
-0.348267;3.09275e-16;-0.41848
-0.347832;3.09342e-16;-0.418732
-0.347427;3.09396e-16;-0.41896
-0.347051;3.09437e-16;-0.419165
-0.346703;3.09465e-16;-0.419347
-0.346384;3.09481e-16;-0.419506
-0.346092;3.09485e-16;-0.419644
-0.345828;3.09477e-16;-0.419759
-0.345591;3.09457e-16;-0.419854
-0.34538;3.09426e-16;-0.419928
-0.345194;3.09384e-16;-0.419982
-0.345034;3.09331e-16;-0.420017
-0.344899;3.09268e-16;-0.420032
-0.344787;3.09195e-16;-0.420029
-0.344699;3.09112e-16;-0.420009
-0.344633;3.0902e-16;-0.419971
-0.344589;3.0892e-16;-0.419916
-0.344566;3.08811e-16;-0.419846
-0.344564;3.08693e-16;-0.41976
-0.344581;3.08568e-16;-0.419659
-0.344617;3.08436e-16;-0.419544
-0.344672;3.08297e-16;-0.419415
-0.344745;3.08151e-16;-0.419273
-0.344834;3.07999e-16;-0.419119
-0.34494;3.07841e-16;-0.418952
-0.345062;3.07677e-16;-0.418774
-0.345199;3.07509e-16;-0.418585
-0.345351;3.07336e-16;-0.418385
-0.345516;3.07158e-16;-0.418176
-0.345696;3.06976e-16;-0.417957
-0.345888;3.06791e-16;-0.417729
-0.346092;3.06602e-16;-0.417492
-0.346309;3.0641e-16;-0.417248
-0.346537;3.06216e-16;-0.416995
-0.346776;3.06019e-16;-0.416735
-0.347026;3.05819e-16;-0.416468
-0.347287;3.05618e-16;-0.416194
-0.347557;3.05416e-16;-0.415914
-0.347838;3.05212e-16;-0.415628
-0.348128;3.05007e-16;-0.415337
-0.348427;3.04801e-16;-0.415039
-0.348735;3.04595e-16;-0.414737
-0.349053;3.04389e-16;-0.414429
-0.349379;3.04183e-16;-0.414117
-0.349713;3.03977e-16;-0.4138
-0.350057;3.03771e-16;-0.413479
-0.350408;3.03566e-16;-0.413153
-0.350768;3.03362e-16;-0.412824
-0.351137;3.03158e-16;-0.41249
-0.351514;3.02957e-16;-0.412152
-0.351899;3.02756e-16;-0.411811
-0.352292;3.02557e-16;-0.411466
-0.352694;3.0236e-16;-0.411117
-0.353104;3.02165e-16;-0.410765
-0.353523;3.01972e-16;-0.410409
-0.35395;3.01781e-16;-0.41005
-0.354385;3.01592e-16;-0.409687
-0.354829;3.01406e-16;-0.409321
-0.355282;3.01222e-16;-0.408952
-0.355743;3.01041e-16;-0.408579
-0.356212;3.00863e-16;-0.408204
-0.35669;3.00688e-16;-0.407825
-0.357176;3.00516e-16;-0.407443
-0.35767;3.00346e-16;-0.407058
-0.358173;3.0018e-16;-0.40667
-0.358684;3.00017e-16;-0.406279
-0.359204;2.99857e-16;-0.405885
-0.359731;2.997e-16;-0.405488
-0.360266;2.99546e-16;-0.405088
-0.360808;2.99396e-16;-0.404686
-0.361358;2.99248e-16;-0.404281
-0.361915;2.99104e-16;-0.403874
-0.362479;2.98964e-16;-0.403464
-0.36305;2.98826e-16;-0.403053
-0.363627;2.98692e-16;-0.402639
-0.36421;2.98561e-16;-0.402223
-0.364799;2.98433e-16;-0.401805
-0.365393;2.98308e-16;-0.401386
-0.365992;2.98186e-16;-0.400965
-0.366595;2.98067e-16;-0.400542
-0.367203;2.97951e-16;-0.400119
-0.367815;2.97838e-16;-0.399695
-0.36843;2.97728e-16;-0.399269
-0.369048;2.97621e-16;-0.398843
-0.369668;2.97516e-16;-0.398417
-0.370291;2.97414e-16;-0.39799
-0.370915;2.97314e-16;-0.397563
-0.37154;2.97218e-16;-0.397136
-0.372167;2.97123e-16;-0.396709
-0.372793;2.97031e-16;-0.396283
-0.37342;2.96941e-16;-0.395858
-0.374046;2.96853e-16;-0.395433
-0.374671;2.96768e-16;-0.395009
-0.375294;2.96684e-16;-0.394586
-0.375916;2.96602e-16;-0.394165
-0.376536;2.96523e-16;-0.393745
-0.377153;2.96445e-16;-0.393326
-0.377767;2.96368e-16;-0.39291
-0.378378;2.96294e-16;-0.392495
-0.378985;2.9622e-16;-0.392083
-0.379588;2.96149e-16;-0.391672
-0.380186;2.96078e-16;-0.391264
-0.380779;2.96009e-16;-0.390859
-0.381368;2.95941e-16;-0.390456
-0.38195;2.95874e-16;-0.390056
-0.382527;2.95808e-16;-0.389659
-0.383098;2.95743e-16;-0.389264
-0.383661;2.95678e-16;-0.388873
-0.384218;2.95615e-16;-0.388485
-0.384768;2.95552e-16;-0.3881
-0.385311;2.95489e-16;-0.387719
-0.385845;2.95427e-16;-0.387341
-0.386372;2.95365e-16;-0.386966
-0.38689;2.95303e-16;-0.386595
-0.387399;2.95242e-16;-0.386228
-0.3879;2.9518e-16;-0.385864
-0.388391;2.95119e-16;-0.385504
-0.388873;2.95057e-16;-0.385148
-0.389345;2.94995e-16;-0.384795
-0.389807;2.94932e-16;-0.384447
-0.39026;2.94869e-16;-0.384102
-0.390701;2.94806e-16;-0.383761
-0.391133;2.94741e-16;-0.383424
-0.391553;2.94676e-16;-0.383091
-0.391962;2.9461e-16;-0.382762
-0.392361;2.94543e-16;-0.382436
-0.392747;2.94475e-16;-0.382115
-0.393123;2.94406e-16;-0.381797
-0.393486;2.94336e-16;-0.381484
-0.393838;2.94264e-16;-0.381174
-0.394178;2.94191e-16;-0.380868
-0.394507;2.94116e-16;-0.380566
-0.394823;2.9404e-16;-0.380268
-0.395126;2.93962e-16;-0.379973
-0.395418;2.93883e-16;-0.379682
-0.395698;2.93802e-16;-0.379395
-0.395965;2.93719e-16;-0.379112
-0.39622;2.93634e-16;-0.378832
-0.396463;2.93547e-16;-0.378556
-0.396694;2.93459e-16;-0.378284
-0.396913;2.93368e-16;-0.378015
-0.39712;2.93276e-16;-0.377749
-0.397315;2.93181e-16;-0.377487
-0.397499;2.93085e-16;-0.377228
-0.397671;2.92987e-16;-0.376972
-0.397832;2.92886e-16;-0.376719
-0.397981;2.92784e-16;-0.37647
-0.398119;2.9268e-16;-0.376224
-0.398247;2.92573e-16;-0.37598
-0.398364;2.92465e-16;-0.375739
-0.39847;2.92355e-16;-0.375501
-0.398567;2.92242e-16;-0.375266
-0.398653;2.92128e-16;-0.375033
-0.39873;2.92012e-16;-0.374803
-0.398797;2.91893e-16;-0.374575
-0.398855;2.91773e-16;-0.374349
-0.398905;2.91651e-16;-0.374126
-0.398945;2.91526e-16;-0.373904
-0.398978;2.914e-16;-0.373684
-0.399002;2.91271e-16;-0.373466
-0.399018;2.91141e-16;-0.373249
-0.399027;2.91008e-16;-0.373033
-0.399028;2.90873e-16;-0.372819
-0.399022;2.90736e-16;-0.372606
-0.39901;2.90596e-16;-0.372393
-0.39899;2.90454e-16;-0.37218
-0.398965;2.90309e-16;-0.371968
-0.398933;2.90162e-16;-0.371756
-0.398895;2.90012e-16;-0.371544
-0.398852;2.89859e-16;-0.371331
-0.398803;2.89703e-16;-0.371118
-0.398749;2.89544e-16;-0.370903
-0.398689;2.89382e-16;-0.370687
-0.398625;2.89216e-16;-0.370469
-0.398556;2.89046e-16;-0.370249
-0.398482;2.88872e-16;-0.370026
-0.398404;2.88693e-16;-0.3698
-0.398321;2.8851e-16;-0.369571
-0.398234;2.88323e-16;-0.369338
-0.398143;2.88129e-16;-0.369101
-0.398048;2.87931e-16;-0.368859
-0.397949;2.87726e-16;-0.368611
-0.397846;2.87515e-16;-0.368358
-0.397739;2.87297e-16;-0.368098
-0.397628;2.87072e-16;-0.367832
-0.397513;2.8684e-16;-0.367557
-0.397395;2.86599e-16;-0.367275
-0.397272;2.8635e-16;-0.366983
-0.397146;2.86091e-16;-0.366682
-0.397016;2.85824e-16;-0.366371
-0.396883;2.85546e-16;-0.366049
-0.396745;2.85257e-16;-0.365715
-0.396603;2.84957e-16;-0.365369
-0.396458;2.84646e-16;-0.36501
-0.396308;2.84322e-16;-0.364638
-0.396154;2.83986e-16;-0.364251
-0.395997;2.83636e-16;-0.363849
-0.395834;2.83272e-16;-0.363431
-0.395668;2.82894e-16;-0.362997
-0.395497;2.82501e-16;-0.362546
-0.395321;2.82093e-16;-0.362078
-0.395141;2.81669e-16;-0.361591
-0.394956;2.81229e-16;-0.361085
-0.394766;2.80773e-16;-0.36056
-0.394571;2.80299e-16;-0.360016
-0.394372;2.79808e-16;-0.359451
-0.394167;2.793e-16;-0.358866
-0.393957;2.78774e-16;-0.358259
-0.393742;2.78231e-16;-0.357632
-0.393521;2.77669e-16;-0.356984
-0.393295;2.77089e-16;-0.356314
-0.393064;2.76491e-16;-0.355622
-0.392827;2.75875e-16;-0.354909
-0.392585;2.75241e-16;-0.354175
-0.392338;2.74589e-16;-0.353418
-0.392085;2.7392e-16;-0.352641
-0.391826;2.73233e-16;-0.351842
-0.391563;2.72528e-16;-0.351023
-0.391293;2.71807e-16;-0.350183
-0.391019;2.71069e-16;-0.349322
-0.390739;2.70315e-16;-0.348442
-0.390454;2.69545e-16;-0.347542
-0.390164;2.68759e-16;-0.346623
-0.38987;2.67959e-16;-0.345686
-0.38957;2.67144e-16;-0.34473
-0.389265;2.66315e-16;-0.343757
-0.388956;2.65473e-16;-0.342767
-0.388643;2.64618e-16;-0.341761
-0.388325;2.6375e-16;-0.340739
-0.388003;2.62871e-16;-0.339702
-0.387678;2.61981e-16;-0.338651
-0.387348;2.61079e-16;-0.337585
-0.387016;2.60168e-16;-0.336506
-0.386679;2.59247e-16;-0.335415
-0.38634;2.58317e-16;-0.334311
-0.385998;2.57379e-16;-0.333195
-0.385654;2.56433e-16;-0.332069
-0.385307;2.55479e-16;-0.330932
-0.384958;2.54518e-16;-0.329784
-0.384607;2.5355e-16;-0.328628
-0.384254;2.52576e-16;-0.327462
-0.383901;2.51597e-16;-0.326287
-0.383546;2.50612e-16;-0.325103
-0.38319;2.49622e-16;-0.323912
-0.382834;2.48627e-16;-0.322712
-0.382477;2.47627e-16;-0.321505
-0.382121;2.46623e-16;-0.320291
-0.381765;2.45615e-16;-0.319069
-0.381409;2.44603e-16;-0.31784
-0.381054;2.43587e-16;-0.316603
-0.3807;2.42567e-16;-0.315359
-0.380348;2.41543e-16;-0.314108
-0.379997;2.40515e-16;-0.312849
-0.379648;2.39483e-16;-0.311582
-0.379301;2.38448e-16;-0.310307
-0.378957;2.37407e-16;-0.309024
-0.378615;2.36363e-16;-0.307733
-0.378276;2.35314e-16;-0.306432
-0.37794;2.34259e-16;-0.305121
-0.377607;2.332e-16;-0.3038
-0.377277;2.32135e-16;-0.302469
-0.376951;2.31064e-16;-0.301127
-0.376629;2.29987e-16;-0.299772
-0.376311;2.28902e-16;-0.298405
-0.375997;2.27811e-16;-0.297025
-0.375687;2.26712e-16;-0.295631
-0.375381;2.25605e-16;-0.294222
-0.375079;2.2449e-16;-0.292799
-0.374782;2.23365e-16;-0.291359
-0.374489;2.22231e-16;-0.289902
-0.374201;2.21087e-16;-0.288428
-0.373917;2.19933e-16;-0.286936
-0.373637;2.18768e-16;-0.285425
-0.373362;2.17591e-16;-0.283895
-0.373091;2.16404e-16;-0.282345
-0.372824;2.15204e-16;-0.280774
-0.37256;2.13992e-16;-0.279184
-0.372301;2.12768e-16;-0.277572
-0.372045;2.11532e-16;-0.275938
-0.371793;2.10282e-16;-0.274284
-0.371543;2.09021e-16;-0.272607
-0.371297;2.07746e-16;-0.270909
-0.371053;2.06459e-16;-0.269189
-0.370812;2.05159e-16;-0.267448
-0.370573;2.03847e-16;-0.265685
-0.370335;2.02522e-16;-0.263902
-0.370099;2.01186e-16;-0.262097
-0.369865;1.99838e-16;-0.260273
-0.369631;1.98479e-16;-0.258429
-0.369398;1.97109e-16;-0.256566
-0.369165;1.95728e-16;-0.254684
-0.368932;1.94338e-16;-0.252785
-0.368699;1.92939e-16;-0.25087
-0.368466;1.91531e-16;-0.248938
-0.368231;1.90116e-16;-0.246992
-0.367996;1.88693e-16;-0.245032
-0.367759;1.87263e-16;-0.243058
-0.367521;1.85828e-16;-0.241073
-0.367281;1.84387e-16;-0.239077
-0.36704;1.82942e-16;-0.237072
-0.366796;1.81494e-16;-0.235058
-0.36655;1.80043e-16;-0.233036
-0.366302;1.7859e-16;-0.231009
-0.366052;1.77136e-16;-0.228976
-0.365799;1.75681e-16;-0.226939
-0.365544;1.74227e-16;-0.224899
-0.365287;1.72773e-16;-0.222858
-0.365027;1.71322e-16;-0.220816
-0.364765;1.69873e-16;-0.218774
-0.364501;1.68428e-16;-0.216734
-0.364235;1.66987e-16;-0.214696
-0.363967;1.6555e-16;-0.212662
-0.363697;1.64119e-16;-0.210632
-0.363425;1.62694e-16;-0.208608
-0.363153;1.61275e-16;-0.20659
-0.362878;1.59864e-16;-0.204579
-0.362604;1.58461e-16;-0.202576
-0.362328;1.57066e-16;-0.200582
-0.362052;1.5568e-16;-0.198598
-0.361776;1.54304e-16;-0.196623
-0.361501;1.52937e-16;-0.19466
-0.361226;1.51581e-16;-0.192708
-0.360953;1.50235e-16;-0.190768
-0.360681;1.48901e-16;-0.18884
-0.360411;1.47577e-16;-0.186926
-0.360143;1.46266e-16;-0.185025
-0.359878;1.44967e-16;-0.183137
-0.359616;1.4368e-16;-0.181264
-0.359358;1.42405e-16;-0.179405
-0.359105;1.41143e-16;-0.177561
-0.358856;1.39895e-16;-0.175732
-0.358612;1.38659e-16;-0.173917
-0.358374;1.37436e-16;-0.172118
-0.358142;1.36227e-16;-0.170335
-0.357917;1.35032e-16;-0.168566
-0.357698;1.3385e-16;-0.166813
-0.357488;1.32681e-16;-0.165076
-0.357285;1.31526e-16;-0.163354
-0.357091;1.30385e-16;-0.161647
-0.356906;1.29258e-16;-0.159956
-0.356731;1.28144e-16;-0.15828
-0.356565;1.27044e-16;-0.156619
-0.356409;1.25957e-16;-0.154973
-0.356264;1.24884e-16;-0.153342
-0.35613;1.23825e-16;-0.151726
-0.356007;1.22779e-16;-0.150125
-0.355895;1.21746e-16;-0.148538
-0.355795;1.20727e-16;-0.146966
-0.355707;1.19721e-16;-0.145408
-0.355631;1.18728e-16;-0.143865
-0.355567;1.17748e-16;-0.142336
-0.355515;1.16781e-16;-0.14082
-0.355475;1.15828e-16;-0.139319
-0.355448;1.14887e-16;-0.137832
-0.355433;1.13958e-16;-0.136358
-0.355431;1.13043e-16;-0.134898
-0.35544;1.1214e-16;-0.133452
-0.355462;1.11249e-16;-0.132019
-0.355495;1.10371e-16;-0.1306
-0.35554;1.09505e-16;-0.129194
-0.355597;1.08651e-16;-0.127802
-0.355665;1.0781e-16;-0.126424
-0.355743;1.0698e-16;-0.125059
-0.355833;1.06163e-16;-0.123708
-0.355932;1.05357e-16;-0.122371
-0.356042;1.04563e-16;-0.121047
-0.356161;1.03781e-16;-0.119737
-0.356289;1.03011e-16;-0.118441
-0.356427;1.02252e-16;-0.117159
-0.356572;1.01505e-16;-0.115891
-0.356726;1.0077e-16;-0.114636
-0.356888;1.00046e-16;-0.113396
-0.357057;9.93327e-17;-0.112171
-0.357233;9.86313e-17;-0.110959
-0.357415;9.79411e-17;-0.109763
-0.357604;9.7262e-17;-0.10858
-0.357798;9.65941e-17;-0.107413
-0.357997;9.59373e-17;-0.10626
-0.358202;9.52915e-17;-0.105121
-0.358411;9.46567e-17;-0.103998
-0.358624;9.40327e-17;-0.10289
-0.35884;9.34197e-17;-0.101797
-0.359061;9.28174e-17;-0.100719
-0.359284;9.22259e-17;-0.099657
-0.35951;9.16452e-17;-0.0986101
-0.359738;9.10751e-17;-0.0975787
-0.359968;9.05156e-17;-0.096563
-0.3602;8.99667e-17;-0.095563
-0.360434;8.94284e-17;-0.0945789
-0.360669;8.89006e-17;-0.0936108
-0.360904;8.83832e-17;-0.0926587
-0.36114;8.78763e-17;-0.0917227
-0.361376;8.73798e-17;-0.090803
-0.361613;8.68937e-17;-0.0898996
-0.361849;8.6418e-17;-0.0890127
-0.362085;8.59526e-17;-0.0881424
-0.36232;8.54975e-17;-0.0872887
-0.362554;8.50528e-17;-0.0864518
-0.362788;8.46183e-17;-0.0856317
-0.36302;8.41941e-17;-0.0848286
-0.363251;8.37802e-17;-0.0840426
-0.36348;8.33766e-17;-0.0832737
-0.363707;8.29833e-17;-0.0825222
-0.363933;8.26002e-17;-0.081788
-0.364157;8.22275e-17;-0.0810713
-0.364378;8.18649e-17;-0.0803722
-0.364597;8.15127e-17;-0.0796907
-0.364814;8.11707e-17;-0.0790271
-0.365029;8.08391e-17;-0.0783812
-0.365241;8.05177e-17;-0.0777533
-0.36545;8.02065e-17;-0.0771434
-0.365657;7.99057e-17;-0.0765515
-0.365861;7.96151e-17;-0.0759778
-0.366062;7.93347e-17;-0.0754221
-0.366261;7.90646e-17;-0.0748847
-0.366456;7.88047e-17;-0.0743654
-0.366648;7.85549e-17;-0.0738643
-0.366838;7.83153e-17;-0.0733813
-0.367025;7.80858e-17;-0.0729164
-0.367208;7.78664e-17;-0.0724696
-0.367389;7.76569e-17;-0.0720407
-0.367567;7.74573e-17;-0.0716297
-0.367741;7.72676e-17;-0.0712364
-0.367913;7.70876e-17;-0.0708607
-0.368083;7.69173e-17;-0.0705025
-0.368249;7.67564e-17;-0.0701614
-0.368412;7.6605e-17;-0.0698374
-0.368573;7.64629e-17;-0.0695302
-0.368731;7.633e-17;-0.0692396
-0.368887;7.6206e-17;-0.0689652
-0.36904;7.60909e-17;-0.0687068
-0.369191;7.59845e-17;-0.068464
-0.36934;7.58866e-17;-0.0682365
-0.369486;7.57971e-17;-0.0680241
-0.369631;7.57157e-17;-0.0678262
-0.369773;7.56423e-17;-0.0676425
-0.369914;7.55768e-17;-0.0674727
-0.370053;7.55188e-17;-0.0673163
-0.370191;7.54682e-17;-0.0671729
-0.370328;7.54248e-17;-0.067042
-0.370463;7.53884e-17;-0.0669232
-0.370598;7.53588e-17;-0.0668161
-0.370732;7.53359e-17;-0.0667203
-0.370865;7.53193e-17;-0.0666351
-0.370999;7.5309e-17;-0.0665602
-0.371132;7.53046e-17;-0.0664951
-0.371266;7.53061e-17;-0.0664394
-0.371401;7.53133e-17;-0.0663924
-0.371536;7.53258e-17;-0.0663538
-0.371672;7.53437e-17;-0.0663231
-0.371811;7.53667e-17;-0.0662997
-0.371951;7.53947e-17;-0.0662831
-0.372093;7.54274e-17;-0.066273
-0.372238;7.54648e-17;-0.0662686
-0.372387;7.55066e-17;-0.0662697
-0.372538;7.55529e-17;-0.0662757
-0.372694;7.56033e-17;-0.066286
-0.372855;7.56579e-17;-0.0663001
-0.373021;7.57166e-17;-0.0663176
-0.373192;7.57791e-17;-0.066338
-0.37337;7.58455e-17;-0.0663607
-0.373555;7.59156e-17;-0.0663852
-0.373747;7.59894e-17;-0.066411
-0.373947;7.60668e-17;-0.0664377
-0.374157;7.61479e-17;-0.0664645
-0.374376;7.62324e-17;-0.0664911
-0.374606;7.63205e-17;-0.0665169
-0.374847;7.64121e-17;-0.0665414
-0.375101;7.65071e-17;-0.0665639
-0.375367;7.66057e-17;-0.0665841
-0.375648;7.67077e-17;-0.0666012
-0.375943;7.68133e-17;-0.0666149
-0.376255;7.69225e-17;-0.0666244
-0.376583;7.70352e-17;-0.0666293
-0.37693;7.71515e-17;-0.0666289
-0.377295;7.72715e-17;-0.0666228
-0.37768;7.73953e-17;-0.0666103
-0.378087;7.75229e-17;-0.0665908
-0.378515;7.76542e-17;-0.0665639
-0.378967;7.77896e-17;-0.0665288
-0.379442;7.79288e-17;-0.0664852
-0.379943;7.80722e-17;-0.0664323
-0.38047;7.82196e-17;-0.0663697
-0.381024;7.83712e-17;-0.0662968
-0.381606;7.8527e-17;-0.066213
-0.382217;7.86871e-17;-0.066118
-0.382857;7.88516e-17;-0.066011
-0.383527;7.90203e-17;-0.0658918
-0.384229;7.91935e-17;-0.0657597
-0.384962;7.9371e-17;-0.0656145
-0.385727;7.95529e-17;-0.0654555
-0.386524;7.97392e-17;-0.0652826
-0.387354;7.99299e-17;-0.0650952
-0.388217;8.0125e-17;-0.0648931
-0.389114;8.03243e-17;-0.064676
-0.390043;8.05278e-17;-0.0644436
-0.391005;8.07355e-17;-0.0641956
-0.392;8.09473e-17;-0.063932
-0.393027;8.1163e-17;-0.0636525
-0.394086;8.13826e-17;-0.063357
-0.395177;8.16059e-17;-0.0630454
-0.396299;8.18328e-17;-0.0627177
-0.397451;8.20631e-17;-0.062374
-0.398633;8.22967e-17;-0.0620141
-0.399843;8.25334e-17;-0.0616383
-0.401081;8.27729e-17;-0.0612466
-0.402346;8.30153e-17;-0.0608391
-0.403637;8.32601e-17;-0.0604161
-0.404952;8.35072e-17;-0.0599778
-0.40629;8.37565e-17;-0.0595245
-0.40765;8.40077e-17;-0.0590563
-0.409032;8.42606e-17;-0.0585737
-0.410432;8.45151e-17;-0.0580769
-0.411852;8.47708e-17;-0.0575664
-0.413288;8.50276e-17;-0.0570426
-0.41474;8.52853e-17;-0.0565058
-0.416206;8.55436e-17;-0.0559566
-0.417685;8.58025e-17;-0.0553954
-0.419176;8.60616e-17;-0.0548226
-0.420678;8.63209e-17;-0.0542389
-0.422188;8.65801e-17;-0.0536448
-0.423706;8.6839e-17;-0.0530407
-0.425231;8.70976e-17;-0.0524273
-0.42676;8.73555e-17;-0.0518051
-0.428294;8.76128e-17;-0.0511747
-0.429831;8.78693e-17;-0.0505367
-0.43137;8.81247e-17;-0.0498917
-0.432909;8.83791e-17;-0.0492403
-0.434448;8.86322e-17;-0.0485832
-0.435985;8.88841e-17;-0.0479209
-0.43752;8.91346e-17;-0.0472541
-0.439051;8.93836e-17;-0.0465834
-0.440579;8.96311e-17;-0.0459095
-0.442101;8.98769e-17;-0.0452329
-0.443617;9.01212e-17;-0.0445544
-0.445127;9.03637e-17;-0.0438745
-0.446629;9.06045e-17;-0.0431939
-0.448123;9.08436e-17;-0.0425132
-0.449609;9.1081e-17;-0.0418331
-0.451085;9.13166e-17;-0.0411542
-0.452552;9.15504e-17;-0.040477
-0.454008;9.17826e-17;-0.0398023
-0.455453;9.2013e-17;-0.0391306
-0.456887;9.22418e-17;-0.0384625
-0.45831;9.2469e-17;-0.0377986
-0.459721;9.26946e-17;-0.0371396
-0.461119;9.29187e-17;-0.0364859
-0.462506;9.31413e-17;-0.0358381
-0.463879;9.33625e-17;-0.0351969
-0.46524;9.35823e-17;-0.0345627
-0.466587;9.3801e-17;-0.033936
-0.467922;9.40184e-17;-0.0333175
-0.469243;9.42347e-17;-0.0327074
-0.47055;9.44499e-17;-0.0321064
-0.471844;9.46642e-17;-0.0315149
-0.473125;9.48777e-17;-0.0309333
-0.474392;9.50903e-17;-0.030362
-0.475646;9.53021e-17;-0.0298015
-0.476886;9.55133e-17;-0.0292519
-0.478113;9.57239e-17;-0.0287138
-0.479326;9.5934e-17;-0.0281874
-0.480526;9.61436e-17;-0.0276729
-0.481712;9.63528e-17;-0.0271707
-0.482885;9.65616e-17;-0.0266809
-0.484045;9.677e-17;-0.0262037
-0.485191;9.69781e-17;-0.0257393
-0.486325;9.7186e-17;-0.0252878
-0.487445;9.73936e-17;-0.0248494
-0.488552;9.76009e-17;-0.0244239
-0.489647;9.7808e-17;-0.0240116
-0.490728;9.80148e-17;-0.0236124
-0.491797;9.82213e-17;-0.0232262
-0.492853;9.84276e-17;-0.0228531
-0.493896;9.86335e-17;-0.022493
-0.494927;9.88391e-17;-0.0221457
-0.495946;9.90443e-17;-0.0218111
-0.496951;9.92491e-17;-0.0214891
-0.497945;9.94534e-17;-0.0211796
-0.498926;9.96572e-17;-0.0208822
-0.499894;9.98603e-17;-0.0205969
-0.500851;1.00063e-16;-0.0203233
-0.501795;1.00265e-16;-0.0200613
-0.502726;1.00466e-16;-0.0198107
-0.503646;1.00666e-16;-0.019571
-0.504554;1.00865e-16;-0.0193421
-0.505449;1.01063e-16;-0.0191237
-0.506333;1.0126e-16;-0.0189156
-0.507204;1.01456e-16;-0.0187173
-0.508064;1.01651e-16;-0.0185286
-0.508911;1.01844e-16;-0.0183492
-0.509747;1.02036e-16;-0.0181788
-0.510571;1.02226e-16;-0.018017
-0.511383;1.02415e-16;-0.0178637
-0.512183;1.02602e-16;-0.0177184
-0.512971;1.02788e-16;-0.0175808
-0.513748;1.02972e-16;-0.0174506
-0.514514;1.03154e-16;-0.0173276
-0.515268;1.03334e-16;-0.0172114
-0.51601;1.03512e-16;-0.0171017
-0.516741;1.03688e-16;-0.0169982
-0.517461;1.03861e-16;-0.0169006
-0.518169;1.04033e-16;-0.0168086
-0.518866;1.04202e-16;-0.016722
-0.519553;1.0437e-16;-0.0166404
-0.520228;1.04534e-16;-0.0165635
-0.520892;1.04697e-16;-0.0164912
-0.521545;1.04857e-16;-0.016423
-0.522188;1.05014e-16;-0.0163587
-0.52282;1.05169e-16;-0.0162981
-0.523441;1.05321e-16;-0.0162409
-0.524052;1.0547e-16;-0.0161869
-0.524653;1.05617e-16;-0.0161357
-0.525243;1.05761e-16;-0.0160872
-0.525823;1.05903e-16;-0.016041
-0.526393;1.06041e-16;-0.015997
-0.526954;1.06176e-16;-0.0159549
-0.527504;1.06309e-16;-0.0159145
-0.528045;1.06439e-16;-0.0158756
-0.528576;1.06565e-16;-0.0158379
-0.529098;1.06689e-16;-0.0158011
-0.52961;1.0681e-16;-0.0157652
-0.530114;1.06927e-16;-0.0157299
-0.530608;1.07042e-16;-0.015695
-0.531093;1.07153e-16;-0.0156603
-0.53157;1.07261e-16;-0.0156256
-0.532038;1.07366e-16;-0.0155907
-0.532497;1.07468e-16;-0.0155554
-0.532948;1.07566e-16;-0.0155197
-0.533391;1.07661e-16;-0.0154833
-0.533825;1.07753e-16;-0.015446
-0.534252;1.07842e-16;-0.0154078
-0.53467;1.07927e-16;-0.0153685
-0.535081;1.08009e-16;-0.0153279
-0.535484;1.08088e-16;-0.0152861
-0.53588;1.08164e-16;-0.0152427
-0.536268;1.08236e-16;-0.0151979
-0.536649;1.08305e-16;-0.0151514
-0.537023;1.08371e-16;-0.0151032
-0.53739;1.08434e-16;-0.0150533
-0.53775;1.08493e-16;-0.0150015
-0.538103;1.08549e-16;-0.0149479
-0.538449;1.08603e-16;-0.0148924
-0.538789;1.08653e-16;-0.014835
-0.539123;1.087e-16;-0.0147756
-0.53945;1.08744e-16;-0.0147143
-0.539771;1.08785e-16;-0.0146511
-0.540085;1.08824e-16;-0.014586
-0.540394;1.08859e-16;-0.0145189
-0.540696;1.08892e-16;-0.01445
-0.540993;1.08922e-16;-0.0143792
-0.541284;1.08949e-16;-0.0143067
-0.541569;1.08974e-16;-0.0142323
-0.541849;1.08996e-16;-0.0141563
-0.542124;1.09016e-16;-0.0140786
-0.542392;1.09034e-16;-0.0139994
-0.542656;1.09049e-16;-0.0139186
-0.542914;1.09062e-16;-0.0138363
-0.543167;1.09073e-16;-0.0137527
-0.543415;1.09082e-16;-0.0136677
-0.543659;1.09088e-16;-0.0135815
-0.543897;1.09093e-16;-0.0134941
-0.54413;1.09096e-16;-0.0134057
-0.544358;1.09098e-16;-0.0133162
-0.544582;1.09097e-16;-0.0132257
-0.544801;1.09095e-16;-0.0131344
-0.545016;1.09091e-16;-0.0130423
-0.545226;1.09086e-16;-0.0129495
-0.545432;1.09079e-16;-0.012856
-0.545633;1.09071e-16;-0.012762
-0.54583;1.09062e-16;-0.0126674
-0.546023;1.09051e-16;-0.0125724
-0.546212;1.09039e-16;-0.012477
-0.546396;1.09026e-16;-0.0123813
-0.546576;1.09012e-16;-0.0122854
-0.546753;1.08997e-16;-0.0121892
-0.546925;1.08981e-16;-0.0120929
-0.547093;1.08964e-16;-0.0119965
-0.547258;1.08946e-16;-0.0119
-0.547418;1.08928e-16;-0.0118036
-0.547575;1.08908e-16;-0.0117072
-0.547728;1.08888e-16;-0.0116108
-0.547878;1.08867e-16;-0.0115146
-0.548024;1.08845e-16;-0.0114186
-0.548166;1.08823e-16;-0.0113227
-0.548304;1.088e-16;-0.011227
-0.548439;1.08777e-16;-0.0111316
-0.548571;1.08753e-16;-0.0110364
-0.548699;1.08728e-16;-0.0109415
-0.548823;1.08703e-16;-0.0108469
-0.548944;1.08678e-16;-0.0107527
-0.549062;1.08652e-16;-0.0106587
-0.549176;1.08626e-16;-0.010565
-0.549287;1.08599e-16;-0.0104717
-0.549394;1.08572e-16;-0.0103787
-0.549499;1.08545e-16;-0.0102861
-0.5496;1.08517e-16;-0.0101938
-0.549697;1.08489e-16;-0.0101018
-0.549792;1.0846e-16;-0.0100102
-0.549883;1.08431e-16;-0.00991896
-0.549971;1.08402e-16;-0.00982802
-0.550056;1.08373e-16;-0.00973741
-0.550138;1.08343e-16;-0.00964712
-0.550217;1.08313e-16;-0.00955715
-0.550293;1.08283e-16;-0.00946749
-0.550365;1.08253e-16;-0.00937813
-0.550435;1.08222e-16;-0.00928907
-0.550502;1.08191e-16;-0.0092003
-0.550566;1.0816e-16;-0.00911182
-0.550627;1.08128e-16;-0.00902361
-0.550685;1.08097e-16;-0.00893568
-0.55074;1.08065e-16;-0.00884802
-0.550793;1.08033e-16;-0.00876061
-0.550843;1.08001e-16;-0.00867346
-0.55089;1.07968e-16;-0.00858656
-0.550935;1.07936e-16;-0.00849991
-0.550977;1.07903e-16;-0.00841349
-0.551017;1.0787e-16;-0.00832732
-0.551055;1.07837e-16;-0.00824137
-0.55109;1.07804e-16;-0.00815565
-0.551123;1.07771e-16;-0.00807014
-0.551154;1.07738e-16;-0.00798485
-0.551182;1.07704e-16;-0.00789977
-0.551209;1.07671e-16;-0.00781488
-0.551233;1.07637e-16;-0.00773018
-0.551256;1.07604e-16;-0.00764566
-0.551277;1.0757e-16;-0.0075613
-0.551297;1.07536e-16;-0.00747709
-0.551314;1.07502e-16;-0.00739302
-0.55133;1.07468e-16;-0.00730906
-0.551345;1.07434e-16;-0.00722519
-0.551359;1.074e-16;-0.0071414
-0.551371;1.07366e-16;-0.00705764
-0.551381;1.07332e-16;-0.0069739
-0.551391;1.07298e-16;-0.00689013
-0.5514;1.07264e-16;-0.0068063
-0.551408;1.0723e-16;-0.00672236
-0.551415;1.07196e-16;-0.00663827
-0.551421;1.07162e-16;-0.00655398
-0.551427;1.07127e-16;-0.00646943
-0.551432;1.07093e-16;-0.00638455
-0.551437;1.07058e-16;-0.00629929
-0.551442;1.07024e-16;-0.00621355
-0.551446;1.06989e-16;-0.00612727
-0.55145;1.06955e-16;-0.00604036
-0.551454;1.0692e-16;-0.00595273
-0.551459;1.06885e-16;-0.00586427
-0.551463;1.0685e-16;-0.00577487
-0.551468;1.06814e-16;-0.00568443
-0.551474;1.06779e-16;-0.00559283
-0.55148;1.06743e-16;-0.00549992
-0.551486;1.06707e-16;-0.00540558
-0.551494;1.0667e-16;-0.00530965
-0.551502;1.06634e-16;-0.005212
-0.551512;1.06597e-16;-0.00511245
-0.551523;1.06559e-16;-0.00501085
-0.551535;1.06521e-16;-0.00490701
-0.551549;1.06483e-16;-0.00480075
-0.551564;1.06444e-16;-0.0046919
-0.551581;1.06404e-16;-0.00458024
-0.5516;1.06364e-16;-0.0044656
-0.551621;1.06323e-16;-0.00434776
-0.551645;1.06281e-16;-0.00422652
-0.55167;1.06239e-16;-0.00410167
-0.551698;1.06195e-16;-0.00397299
-0.551729;1.06151e-16;-0.00384029
-0.551763;1.06106e-16;-0.00370334
-0.551799;1.0606e-16;-0.00356195
-0.551839;1.06013e-16;-0.0034159
-0.551881;1.05964e-16;-0.003265
-0.551927;1.05915e-16;-0.00310905
-0.551976;1.05864e-16;-0.00294788
-0.552029;1.05813e-16;-0.00278131
-0.552085;1.0576e-16;-0.00260917
-0.552145;1.05705e-16;-0.00243132
-0.552209;1.05649e-16;-0.00224761
-0.552277;1.05592e-16;-0.00205794
-0.552348;1.05534e-16;-0.00186219
-0.552424;1.05474e-16;-0.00166028
-0.552503;1.05412e-16;-0.00145214
-0.552587;1.05349e-16;-0.00123772
-0.552674;1.05285e-16;-0.00101699
-0.552766;1.05219e-16;-0.000789957
-0.552861;1.05152e-16;-0.000556619
-0.552961;1.05083e-16;-0.000317013
-0.553064;1.05013e-16;-7.11922e-05
-0.553171;1.04942e-16;0.000180769
-0.553282;1.04869e-16;0.000438779
-0.553397;1.04794e-16;0.000702724
-0.553516;1.04719e-16;0.000972476
-0.553638;1.04642e-16;0.00124788
-0.553763;1.04563e-16;0.00152879
-0.553892;1.04484e-16;0.00181501
-0.554024;1.04403e-16;0.00210635
-0.554159;1.04321e-16;0.00240261
-0.554298;1.04239e-16;0.00270358
-0.554439;1.04155e-16;0.00300901
-0.554582;1.0407e-16;0.00331869
-0.554729;1.03984e-16;0.00363235
-0.554877;1.03898e-16;0.00394977
-0.555028;1.0381e-16;0.00427067
-0.555181;1.03722e-16;0.0045948
-0.555336;1.03634e-16;0.00492191
