X,Y,Z,,X,Y,Z,,X,Y,Z,,X,Y,Z,,X,Y,Z,,X,Y,Z,,,X,Y,Z
-0.4292592540895,0.14,-0.450261739710255,,-0.409486699524731,0.14,-0.473473014790459,,-0.469883360958401,0.14,-0.414753382066525,,-0.411385608215156,0.14,-0.454664813483699,,-0.378054186794316,0.14,-0.459522977822386,,-0.383571721520151,0.14,-0.467477779331905,,,-0.410436153869943,0.14,-0.454664813483699
-0.424262588373326,0.14,-0.454850858849303,,-0.404342996262936,0.14,-0.477072154940962,,-0.463543667174712,0.14,-0.420911750700514,,-0.406397853122529,0.14,-0.458855513555591,,-0.374588341163838,0.14,-0.462886235102032,,-0.377326373760721,0.14,-0.471985912101769,,,-0.405370424692733,0.14,-0.458855513555591
-0.419268190781325,0.14,-0.45933676197114,,-0.3991701308892,0.14,-0.480611703715562,,-0.457112129218776,0.14,-0.426981588338466,,-0.401345993157816,0.14,-0.463009014574004,,-0.371126915038523,0.14,-0.466195962813101,,-0.371194457102404,0.14,-0.476279062436107,,,-0.400258062023508,0.14,-0.463009014574004
-0.414689236482465,0.14,-0.463390149716529,,-0.393843888172211,0.14,-0.484178692817688,,-0.451046302298425,0.14,-0.432465447514199,,-0.396673787257554,0.14,-0.466792737925679,,-0.367927520159381,0.14,-0.469173316404875,,-0.36567413058366,0.14,-0.48001529014918,,,-0.395258837714883,0.14,-0.466792737925679
-0.410733309558404,0.14,-0.466872087844915,,-0.388227801879361,0.14,-0.48787401959556,,-0.445600468627232,0.14,-0.437153012829187,,-0.392607178678289,0.14,-0.47007118311432,,-0.365081165300108,0.14,-0.471712791680274,,-0.360679373266037,0.14,-0.483293746210878,,,-0.390417490278825,0.14,-0.47007118311432
-0.407334777364993,0.14,-0.469928399533798,,-0.38297240929118,0.14,-0.491180317450479,,-0.440575155856721,0.14,-0.441279930186003,,-0.38895302300409,0.14,-0.472997211170451,,-0.362499038924884,0.14,-0.473942221620807,,-0.355669527128289,0.14,-0.486535126264123,,,-0.385962716147635,0.14,-0.472997211170451
-0.404204979032035,0.14,-0.472676988122196,,-0.378001206048098,0.14,-0.4941677392514,,-0.435763636524669,0.14,-0.445023380750913,,-0.385538996529146,0.14,-0.475674370565903,,-0.360167451647662,0.14,-0.475942448410221,,-0.351103843902305,0.14,-0.489435046605581,,,-0.381770101288622,0.14,-0.475674370565903
-0.401382175809985,0.14,-0.475142677021282,,-0.37338274296105,0.14,-0.496834143497228,,-0.431163669496876,0.14,-0.448400277022433,,-0.3823588288733,0.14,-0.478115184632807,,-0.358100312421888,0.14,-0.477724743798124,,-0.347037333304469,0.14,-0.492001617004961,,,-0.377870785917175,0.14,-0.477724743798124
-0.398809202441407,0.14,-0.477316580046067,,-0.369114871546204,0.14,-0.499161525496539,,-0.426804884994268,0.14,-0.451397537549917,,-0.379439735471129,0.14,-0.480307822781084,,-0.356285670184857,0.14,-0.479288707895437,,-0.343478162433906,0.14,-0.494218750036273,,,-0.374277303508667,0.14,-0.479288707895437
-0.397949353165614,0.14,-0.477989467122815,,-0.366990904626884,0.14,-0.50014507487337,,-0.422606095004376,0.14,-0.454054375226968,,-0.37665538854132,0.14,-0.482312319800252,,-0.354678658238095,0.14,-0.480688467167816,,-0.340274091772825,0.14,-0.496146225351674,,,-0.371823146584102,0.14,-0.480688467167816
-0.396269295564391,0.14,-0.479255371478368,,-0.365155083040483,0.14,-0.501153960945181,,-0.419486935004397,0.14,-0.45544508554792,,-0.373970464451086,0.14,-0.484122241872504,,-0.353302536282932,0.14,-0.48192809253973,,-0.337370304375511,0.14,-0.497795694135548,,,-0.369562773745785,0.14,-0.48192809253973
-0.394038349604929,0.14,-0.480971339834506,,-0.362316640282579,0.14,-0.502834084880577,,-0.416375660767363,0.14,-0.456674466291092,,-0.371433114827859,0.14,-0.485742373829549,,-0.352136722085226,0.14,-0.483008106308399,,-0.334866100915341,0.14,-0.499143918184456,,,-0.366874877555219,0.14,-0.483008106308399
-0.392114926892356,0.14,-0.482475091481407,,-0.360509900530757,0.14,-0.504198739003426,,-0.412463384367524,0.14,-0.458694209008661,,-0.369038603116626,0.14,-0.487248515244209,,-0.351074923079417,0.14,-0.48397142177979,,-0.332844226490064,0.14,-0.500190852429406,,,-0.364774251823691,0.14,-0.48397142177979
-0.390408426319195,0.14,-0.483823146581169,,-0.359106485686349,0.14,-0.505292904644787,,-0.409782075139794,0.14,-0.460374663739729,,-0.366813641342564,0.14,-0.48864941766534,,-0.350105461427264,0.14,-0.484823927317722,,-0.331355353705392,0.14,-0.500905071045318,,,-0.362960063514457,0.14,-0.484823927317722
-0.388845957654148,0.14,-0.485072036620646,,-0.358086550602088,0.14,-0.506144689831404,,-0.407248343203718,0.14,-0.461748448705868,,-0.363063334289134,0.14,-0.491119135274355,,-0.34830273871459,0.14,-0.485496094169522,,-0.330380039501165,0.14,-0.501310187172506,,,-0.360574942445611,0.14,-0.485496094169522
-0.387477639519894,0.14,-0.486185344256962,,-0.357431231635249,0.14,-0.506701436046912,,-0.404303674296574,0.14,-0.462946081282337,,-0.361103474799609,0.14,-0.492300104034699,,-0.346454207478314,0.14,-0.486069258653996,,-0.329889539612044,0.14,-0.501489947808314,,,-0.359267353217429,0.14,-0.486185344256962
-0.386427677664675,0.14,-0.487064120716044,,-0.35702210131763,0.14,-0.506987009650522,,-0.402188996832992,0.14,-0.463869921924659,,-0.359268589951712,0.14,-0.493409376908954,,-0.344645367744516,0.14,-0.486559061975108,,-0.329732787016618,0.14,-0.501500379693082,,,-0.358145345634671,0.14,-0.487064120716044
-0.38575514695485,0.14,-0.487645641274109,,-0.356818354323694,0.14,-0.507058446914478,,-0.401147569542581,0.14,-0.464522821751132,,-0.357582255697509,0.14,-0.494419786359222,,-0.342925358559662,0.14,-0.48695978034178,,-0.330030204989857,0.14,-0.50130218105061,,,-0.357200305010601,0.14,-0.487645641274109
-0.385399246808157,0.14,-0.48798399740784,,-0.356932748870431,0.14,-0.506945605652714,,-0.400784073565218,0.14,-0.464990895951548,,-0.35595707323285,0.14,-0.495318287202766,,-0.341476734079378,0.14,-0.48728534192137,,-0.331124848247873,0.14,-0.500853382280545,,,-0.356444911051641,0.14,-0.48798399740784
-0.385271476048627,0.14,-0.488153717424524,,-0.357329217266193,0.14,-0.506727479872392,,-0.400962459943744,0.14,-0.465242246729662,,-0.354280252902347,0.14,-0.496117299238663,,-0.340336867702676,0.14,-0.487535401159763,,-0.333026173765868,0.14,-0.500142372444157,,,-0.35580473508427,0.14,-0.488153717424524
-0.385277816600532,0.14,-0.488192676324801,,-0.357895655566346,0.14,-0.506476677918819,,-0.401514285318436,0.14,-0.465319761693536,,-0.352617791415142,0.14,-0.49682220129272,,-0.33947108326666,0.14,-0.487713007393245,,-0.335613230478035,0.14,-0.499224746499181,,,-0.355256723490744,0.14,-0.488192676324801
-0.385464385141961,0.14,-0.488079744774629,,-0.359570886619312,0.14,-0.505965033691925,,-0.40229419081427,0.14,-0.465318336015111,,-0.351557295989183,0.14,-0.497451938180466,,-0.338958158740969,0.14,-0.487835791601828,,-0.33896247191178,0.14,-0.498199971671744,,,-0.355564091304247,0.14,-0.488079744774629
-0.385867201318769,0.14,-0.487830325559784,,-0.359201693169684,0.14,-0.505700818367242,,-0.40288756291814,0.14,-0.465300179345012,,-0.350552011765606,0.14,-0.497993290869341,,-0.338919191292001,0.14,-0.487923955548707,,-0.343384940242154,0.14,-0.497071165182782,,,-0.354876852467645,0.14,-0.487923955548707
-0.386022535301283,0.14,-0.487750824094608,,-0.35715644650317,0.14,-0.505147615398733,,-0.402997262895336,0.14,-0.465246761114799,,-0.349681747070457,0.14,-0.498467212259564,,-0.339242584565241,0.14,-0.487953470803091,,-0.346669754517064,0.14,-0.496224497847031,,,-0.353419096786813,0.14,-0.487953470803091
-0.386306311794776,0.14,-0.487455501572944,,-0.356002225101234,0.14,-0.504590607766943,,-0.40268507546062,0.14,-0.46515361696359,,-0.3492044474482,0.14,-0.498848739389162,,-0.339656445697914,0.14,-0.487874264391803,,-0.350662780289969,0.14,-0.495329650712288,,,-0.353332502695602,0.14,-0.487874264391803
-0.386882688495807,0.14,-0.486997535724827,,-0.360237726986215,0.14,-0.504263100943654,,-0.401950332711349,0.14,-0.465067548493299,,-0.349143842785801,0.14,-0.499123845089301,,-0.3400366691595,0.14,-0.487671395553028,,-0.354545461111157,0.14,-0.494486058073112,,,-0.357391594048686,0.14,-0.487671395553028
-0.38758312793131,0.14,-0.486557305775449,,-0.364618561034405,0.14,-0.503706214941141,,-0.400526072638496,0.14,-0.465018449682894,,-0.349532789452962,0.14,-0.499290664901706,,-0.3405016931834,0.14,-0.487357791059982,,-0.357858958924457,0.14,-0.493811879079188,,,-0.361238759979431,0.14,-0.487357791059982
-0.388480202677721,0.14,-0.48610825888781,,-0.369035286565069,0.14,-0.502861835212782,,-0.397940489741479,0.14,-0.464990847000749,,-0.350625586885902,0.14,-0.499305404844276,,-0.341127751794633,0.14,-0.486924938202958,,-0.360389492816591,0.14,-0.493425282282766,,,-0.36471238969083,0.14,-0.486924938202958
-0.389488459475871,0.14,-0.48568489441198,,-0.373426148052843,0.14,-0.501764731303541,,-0.393973390112831,0.14,-0.464893004237199,,-0.353398466519227,0.14,-0.499223061141883,,-0.342534306560718,0.14,-0.485930673958735,,-0.362267333442484,0.14,-0.493298428735193,,,-0.367846740747664,0.14,-0.485930673958735
-0.390397777395972,0.14,-0.485469644286889,,-0.377314014870568,0.14,-0.500524509065373,,-0.388552728479638,0.14,-0.464744254207192,,-0.35718510377409,0.14,-0.499008558434882,,-0.343531179834727,0.14,-0.485187169790779,,-0.363475983247634,0.14,-0.493283827110255,,,-0.370394999059101,0.14,-0.485469644286889
-0.391245514956039,0.14,-0.4854611703512,,-0.380354553415397,0.14,-0.499191115231474,,-0.381294940454639,0.14,-0.464642004431479,,-0.36137839797445,0.14,-0.498625574123421,,-0.344658900926138,0.14,-0.484363665971178,,-0.363603150978138,0.14,-0.493257209303576,,,-0.371978852196768,0.14,-0.4854611703512
-0.390872031134046,0.14,-0.485521011909294,,-0.381739578326431,0.14,-0.498013004320924,,-0.378574424047111,0.14,-0.464185100920645,,-0.364989681184864,0.14,-0.497904073166707,,-0.346911983652342,0.14,-0.483525259417884,,-0.362551852918579,0.14,-0.492957241818452,,,-0.371782052615987,0.14,-0.485521011909294
-0.389659118752962,0.14,-0.485618816478773,,-0.384657132876158,0.14,-0.496862158527202,,-0.379357525341285,0.14,-0.464465830638482,,-0.369394479412918,0.14,-0.497162717302377,,-0.349305530109753,0.14,-0.482594623912878,,-0.361391243271487,0.14,-0.491790875748149,,,-0.374376002377102,0.14,-0.485618816478773
-0.386820897163573,0.14,-0.485938458020498,,-0.385847074999158,0.14,-0.495203725031683,,-0.382076847777548,0.14,-0.46447110006878,,-0.369307062147333,0.14,-0.495792059690256,,-0.351644397831277,0.14,-0.481571977761658,,-0.36085429574368,0.14,-0.489577630065619,,,-0.375691954962441,0.14,-0.485938458020498
-0.383140307933712,0.14,-0.486347805467905,,-0.386692220962662,0.14,-0.492799229764757,,-0.385580280277874,0.14,-0.464260829224268,,-0.374261325811779,0.14,-0.494357348032044,,-0.354083856623469,0.14,-0.480466807589008,,-0.360453832456382,0.14,-0.486728072763806,,,-0.378700816872746,0.14,-0.486347805467905
-0.380783299183275,0.14,-0.486753373470087,,-0.392098325974212,0.14,-0.485473561902106,,-0.389665964162096,0.14,-0.463714115262036,,-0.379416442909652,0.14,-0.492658396902098,,-0.35689792093141,0.14,-0.479315315038218,,-0.361658437023788,0.14,-0.481971075199924,,,-0.380099871046463,0.14,-0.481971075199924
-0.381575860087372,0.14,-0.487053630230201,,-0.397123539485471,0.14,-0.476782332212277,,-0.394775392391708,0.14,-0.462558506731949,,-0.38480065700588,0.14,-0.490679914259097,,-0.360210884139279,0.14,-0.478101926104299,,-0.364160965227664,0.14,-0.47551906879761,,,-0.383188258546626,0.14,-0.476782332212277
-0.382896527806308,0.14,-0.487089459417175,,-0.401409938596209,0.14,-0.466915732968566,,-0.400790162554988,0.14,-0.460596125031504,,-0.386769093662085,0.14,-0.488412680626401,,-0.363745703368392,0.14,-0.476867669932626,,-0.368153564561443,0.14,-0.467123851871103,,,-0.384832810734197,0.14,-0.467123851871103
-0.385146934653082,0.14,-0.486570249605589,,-0.404763770472961,0.14,-0.45603354348115,,-0.407219779029805,0.14,-0.457614862382085,,-0.386133673622703,0.14,-0.48585617452346,,-0.367920781990795,0.14,-0.475364026997722,,-0.373156740969717,0.14,-0.456992014128793,,,-0.385640304137893,0.14,-0.457614862382085
-0.388671003590438,0.14,-0.485123820935629,,-0.406891417081001,0.14,-0.444413495912319,,-0.414164197262893,0.14,-0.453254552140654,,-0.383797748687666,0.14,-0.483123558090228,,-0.370560118399451,0.14,-0.47460568354118,,-0.378381058371478,0.14,-0.445640812662515,,,-0.386234376139052,0.14,-0.453254552140654
-0.393708022809528,0.14,-0.48242288792508,,-0.407695994393608,0.14,-0.432151528514429,,-0.422106415748875,0.14,-0.447165697324087,,-0.379989478791584,0.14,-0.48041693245007,,-0.372871292978348,0.14,-0.474086759391363,,-0.383302883349337,0.14,-0.433353014435098,,,-0.388505453079433,0.14,-0.447165697324087
-0.400230510636294,0.14,-0.478377404875072,,-0.407277800672308,0.14,-0.419269308868852,,-0.431243272370792,0.14,-0.43904281166605,,-0.376902714646582,0.14,-0.475996995072441,,-0.374972257741379,0.14,-0.473738055688154,,-0.387858358329689,0.14,-0.420151665395415,,,-0.394044434482992,0.14,-0.43904281166605
-0.40813812972986,0.14,-0.472963131423661,,-0.405823229676408,0.14,-0.40593703890198,,-0.441248582113866,0.14,-0.428983146534304,,-0.378944749544041,0.14,-0.466122885610745,,-0.376752545634327,0.14,-0.473566667320753,,-0.392050652584313,0.14,-0.406165039891841,,,-0.398936941130361,0.14,-0.428983146534304
-0.417320349701107,0.14,-0.466130406559244,,-0.40351108353582,0.14,-0.392120090264161,,-0.441070656232339,0.14,-0.418763455510511,,-0.380699888921672,0.14,-0.45509977418233,,-0.377929858935842,0.14,-0.473730491855688,,-0.395785668868789,0.14,-0.391433500078928,,,-0.399648376202305,0.14,-0.418763455510511
-0.425113846072599,0.14,-0.460136467330705,,-0.400303794319094,0.14,-0.377984433986719,,-0.44029295018172,0.14,-0.407601428688192,,-0.382084022953009,0.14,-0.442850237678692,,-0.378672195947375,0.14,-0.474126179300475,,-0.399008391344711,0.14,-0.375981137595483,,,-0.399656092831902,0.14,-0.407601428688192
-0.428146916858456,0.14,-0.458413301605476,,-0.396107135740448,0.14,-0.364035186577044,,-0.43923150421759,0.14,-0.395270349025147,,-0.382834797259623,0.14,-0.429516344247226,,-0.379068376093801,0.14,-0.47464685902738,,-0.401840427464668,0.14,-0.359908029073337,,,-0.398973781602558,0.14,-0.395270349025147
-0.4292984232678,0.14,-0.457813541346176,,-0.393804604359726,0.14,-0.352811893153872,,-0.437795763226862,0.14,-0.381850159472685,,-0.382863561267948,0.14,-0.415391541260956,,-0.378802170820552,0.14,-0.475378807266064,,-0.404447004177725,0.14,-0.343036290144627,,,-0.399125804268725,0.14,-0.381850159472685
-0.432191579443843,0.14,-0.456494240017848,,-0.391706278935567,0.14,-0.349848879595466,,-0.435591896694499,0.14,-0.367546956112122,,-0.382349907624468,0.14,-0.40038596163139,,-0.377842833559062,0.14,-0.476127320805911,,-0.406419354546672,0.14,-0.325717140839679,,,-0.399062816741119,0.14,-0.367546956112122
-0.435151300727298,0.14,-0.455109367655294,,-0.385451362241954,0.14,-0.336498742464271,,-0.432467112829582,0.14,-0.352620144086818,,-0.380741774110442,0.14,-0.384826146196065,,-0.373163490923735,0.14,-0.476339602967569,,-0.407125528656066,0.14,-0.308885118335465,,,-0.39628844544901,0.14,-0.352620144086818
-0.43796817650753,0.14,-0.453688930898971,,-0.379037427850791,0.14,-0.32337142396914,,-0.428158621540652,0.14,-0.337556940481291,,-0.377106027167314,0.14,-0.369629745463741,,-0.368646310567248,0.14,-0.475601514141482,,-0.40630217282422,0.14,-0.29290644348949,,,-0.392669800337506,0.14,-0.337556940481291
-0.440698685650937,0.14,-0.452204397842801,,-0.372679910256106,0.14,-0.310315342129112,,-0.422193886496614,0.14,-0.322676494981958,,-0.370963881562112,0.14,-0.355190604476577,,-0.364889870109053,0.14,-0.473464612898863,,-0.40459101986373,0.14,-0.277338802623099,,,-0.388635465059918,0.14,-0.322676494981958
-0.443202756465455,0.14,-0.450780025666216,,-0.366205943344754,0.14,-0.297491764324274,,-0.414993909047956,0.14,-0.307775796061489,,-0.363068846164477,0.14,-0.3411348669807,,-0.362551628946557,0.14,-0.469408357360788,,-0.40222584331274,0.14,-0.262349828369127,,,-0.384215893328747,0.14,-0.307775796061489
-0.445429068415405,0.14,-0.449420044966191,,-0.359742973929712,0.14,-0.2853521283673,,-0.407572977320326,0.14,-0.292588793103889,,-0.354504614982806,0.14,-0.327182312588315,,-0.361960176925876,0.14,-0.463535652200932,,-0.400006945163081,0.14,-0.247451048136199,,,-0.380983561044479,0.14,-0.292588793103889
-0.44650652654213,0.14,-0.448032703183322,,-0.35314903363217,0.14,-0.274114674119384,,-0.399863896967368,0.14,-0.276985717467511,,-0.345302909498896,0.14,-0.313241273446004,,-0.363542961087738,0.14,-0.455489285727121,,-0.397655178189858,0.14,-0.232780752357257,,,-0.380599069638798,0.14,-0.276985717467511
-0.442783009279167,0.14,-0.446872685215015,,-0.339573923215193,0.14,-0.267577768231911,,-0.391800424642812,0.14,-0.261279086070311,,-0.335417832213739,0.14,-0.299461556403054,,-0.366657791791653,0.14,-0.445661928994275,,-0.394973139903254,0.14,-0.218532848744897,,,-0.379229108217233,0.14,-0.267577768231911
-0.438577486714013,0.14,-0.445244383854075,,-0.347865454099636,0.14,-0.262712142485318,,-0.384409231315658,0.14,-0.245872399839405,,-0.325730662328169,0.14,-0.286018313064145,,-0.370970392076077,0.14,-0.434479324551385,,-0.39204980286389,0.14,-0.204544525237402,,,-0.377689811695867,0.14,-0.262712142485318
-0.43471411661388,0.14,-0.442531656016802,,-0.342386679392371,0.14,-0.252476885797017,,-0.37838066098403,0.14,-0.230708668631007,,-0.31657751106863,0.14,-0.272923484829991,,-0.376343276436203,0.14,-0.422170862596381,,-0.389128493519322,0.14,-0.190759208413311,,,-0.377361968710116,0.14,-0.252476885797017
-0.430793196296241,0.14,-0.439035623684661,,-0.338291153583057,0.14,-0.242414588197083,,-0.377202765891986,0.14,-0.218837473834412,,-0.316213318051588,0.14,-0.261094350238312,,-0.388291567967789,0.14,-0.394447581999427,,-0.386265747451049,0.14,-0.177536834048391,,,-0.381734256671518,0.14,-0.242414588197083
-0.427005086446163,0.14,-0.434672314445752,,-0.33529687025691,0.14,-0.232623764876865,,-0.375273180538515,0.14,-0.214092316566673,,-0.30899425593058,0.14,-0.259424171689298,,-0.392311728872169,0.14,-0.380054110233877,,-0.383420790953356,0.14,-0.165015019189682,,,-0.379346985745935,0.14,-0.232623764876865
-0.423449373710687,0.14,-0.429217233886944,,-0.33315909254898,0.14,-0.223258706315591,,-0.369913168674472,0.14,-0.199925836063247,,-0.30119531484979,0.14,-0.246944470027862,,-0.395188917424567,0.14,-0.365358584991885,,-0.380466968203276,0.14,-0.153259271919955,,,-0.375190068438874,0.14,-0.223258706315591
-0.420208957570462,0.14,-0.422478487490538,,-0.331948629028851,0.14,-0.21422449460562,,-0.364106144103754,0.14,-0.186669445054824,,-0.294234617139678,0.14,-0.234765182715503,,-0.396574187424523,0.14,-0.350724084641105,,-0.377312946992613,0.14,-0.142581938328158,,,-0.370709545548184,0.14,-0.21422449460562
-0.417225716273705,0.14,-0.414415928207961,,-0.331671490272741,0.14,-0.205501119901257,,-0.357744903662949,0.14,-0.17477604515119,,-0.288136656744294,0.14,-0.222965924418254,,-0.39615648732731,0.14,-0.336282522017032,,-0.373924783529769,0.14,-0.133081565791211,,,-0.365834843596359,0.14,-0.205501119901257
-0.414481897242726,0.14,-0.405087661518326,,-0.331999933842157,0.14,-0.19737047470968,,-0.352204580833124,0.14,-0.163739675964673,,-0.283093382460922,0.14,-0.211905209836478,,-0.3942163142937,0.14,-0.32207041973485,,-0.374038913690836,0.14,-0.123098610646636,,,-0.36312174726198,0.14,-0.19737047470968
-0.411902263252755,0.14,-0.394680000758198,,-0.332853988763326,0.14,-0.189993526255765,,-0.348111958981193,0.14,-0.153348057142656,,-0.279305395535286,0.14,-0.201664256280353,,-0.391506430456801,0.14,-0.308210050842904,,-0.379133873416905,0.14,-0.111513793287438,,,-0.363622916199049,0.14,-0.189993526255765
-0.409354642909095,0.14,-0.383310555071693,,-0.33438474602565,0.14,-0.183135352848166,,-0.344931029853349,0.14,-0.143683691482413,,-0.276670413947011,0.14,-0.192043966834201,,-0.385359587634338,0.14,-0.281127777199509,,-0.384459481254817,0.14,-0.100015960047023,,,-0.364695255554083,0.14,-0.183135352848166
-0.40656224135884,0.14,-0.371236055499601,,-0.336613424806917,0.14,-0.176498390525446,,-0.341953491155754,0.14,-0.134938675590936,,-0.274990184746296,0.14,-0.182925255646621,,-0.380949533576624,0.14,-0.268314587709386,,-0.39030163077069,0.14,-0.0885143389543636,,,-0.361451512366189,0.14,-0.176498390525446
-0.403281549687519,0.14,-0.358870289523129,,-0.339649164911499,0.14,-0.169939008561565,,-0.336718719338543,0.14,-0.12790212802159,,-0.274950891266468,0.14,-0.17368809037262,,-0.375753468531527,0.14,-0.255751152901878,,-0.396623620074536,0.14,-0.0770456075041663,,,-0.357701316721513,0.14,-0.169939008561565
-0.399411211084446,0.14,-0.346316025582699,,-0.343375441537712,0.14,-0.163544652982285,,-0.320309692234945,0.14,-0.125739254404935,,-0.275306403527292,0.14,-0.165285025660722,,-0.369998042194934,0.14,-0.243539341040532,,-0.404651459379631,0.14,-0.0582440594571887,,,-0.356686741866323,0.14,-0.163544652982285
-0.395041259968987,0.14,-0.333545135221372,,-0.347469725124311,0.14,-0.157379259435806,,-0.304290809151426,0.14,-0.124373955532305,,-0.276542237973435,0.14,-0.157167551896707,,-0.364487297682194,0.14,-0.231716971467882,,-0.391177097573389,0.14,-0.0606297508145214,,,-0.355978511403253,0.14,-0.157167551896707
-0.390336530337323,0.14,-0.320683900576103,,-0.352191415918256,0.14,-0.151331505594405,,-0.288562021002101,0.14,-0.123801548789435,,-0.277773513645993,0.14,-0.1500254136489,,-0.359732247293698,0.14,-0.220126912061127,,-0.378022791876347,0.14,-0.0637401555007745,,,-0.355961831605977,0.14,-0.1500254136489
-0.385278526817437,0.14,-0.307797579340264,,-0.361543630684152,0.14,-0.144220176577654,,-0.273710091310436,0.14,-0.123546306831851,,-0.283381699292095,0.14,-0.142264515724597,,-0.355370077722504,0.14,-0.208854602747477,,-0.368687394119015,0.14,-0.0649122599891438,,,-0.358456854203328,0.14,-0.142264515724597
-0.375290309618949,0.14,-0.281172768172949,,-0.370497179979637,0.14,-0.138743176528169,,-0.278819155206332,0.14,-0.117608648757653,,-0.296699313208569,0.14,-0.132933287435926,,-0.351023456397266,0.14,-0.198207990501246,,-0.369765251530991,0.14,-0.0604484269779741,,,-0.360394353964129,0.14,-0.132933287435926
-0.369833014809816,0.14,-0.267956412726141,,-0.379550413108353,0.14,-0.134116552856687,,-0.291224332560896,0.14,-0.109089260718866,,-0.304597875974176,0.14,-0.124782020085488,,-0.346691229072406,0.14,-0.188146351516179,,-0.370681547149253,0.14,-0.0563647113717109,,,-0.358262121941111,0.14,-0.124782020085488
-0.363959148772611,0.14,-0.255014116255953,,-0.38984274558888,0.14,-0.126858219586546,,-0.303833336629053,0.14,-0.100025873785446,,-0.293678257977801,0.14,-0.122023139203815,,-0.342614503609376,0.14,-0.178555229769842,,-0.37156801613563,0.14,-0.0526781211402478,,,-0.353286826190993,0.14,-0.122023139203815
-0.358407444514312,0.14,-0.242209011393415,,-0.39639782384151,0.14,-0.121242865169899,,-0.316505490171271,0.14,-0.090305590056451,,-0.299513868619433,0.14,-0.115006923531579,,-0.33493066769158,0.14,-0.16169158952199,,-0.372668976713668,0.14,-0.0491312730136914,,,-0.346669056102946,0.14,-0.115006923531579
-0.353565260209518,0.14,-0.229293204447154,,-0.386861615549402,0.14,-0.122546514531613,,-0.328837684395525,0.14,-0.0801483550177168,,-0.305196030390995,0.14,-0.107862550391612,,-0.331520056615753,0.14,-0.154263524961531,,-0.373912463946655,0.14,-0.0456823662432219,,,-0.342542658412635,0.14,-0.107862550391612
-0.34910788430386,0.14,-0.21648226744324,,-0.392361591520635,0.14,-0.118311172348141,,-0.324342997256894,0.14,-0.0801209529183532,,-0.307834167113277,0.14,-0.105266123035944,,-0.328480931294641,0.14,-0.147429253988381,,-0.375498027163475,0.14,-0.0421427702460617,,,-0.33879440779925,0.14,-0.105266123035944
-0.344550227354365,0.14,-0.204473261199748,,-0.401791514062494,0.14,-0.11271700456119,,-0.33061586310137,0.14,-0.0751301060212457,,-0.311075972251179,0.14,-0.100681720154071,,-0.326098271199797,0.14,-0.141024560181575,,-0.37801982838266,0.14,-0.0380696230391312,,,-0.337583045227868,0.14,-0.100681720154071
-0.339780677896204,0.14,-0.193544486673705,,-0.411654900910794,0.14,-0.107052984708224,,-0.333056334927487,0.14,-0.0702451189163041,,-0.317946956046988,0.14,-0.0931228354040021,,-0.32421983237213,0.14,-0.135067125982936,,-0.381392923017755,0.14,-0.0343354588146943,,,-0.336418506411846,0.14,-0.0931228354040021
-0.334983811398407,0.14,-0.183431067257422,,-0.421998323814966,0.14,-0.101203750998472,,-0.336612864946653,0.14,-0.0648580835884876,,-0.325778600777567,0.14,-0.0853190806302102,,-0.322340813379588,0.14,-0.129744884624507,,-0.385473069526051,0.14,-0.0315227266947982,,,-0.33579833817253,0.14,-0.0853190806302102
-0.330187741982381,0.14,-0.173993865138461,,-0.432794763068482,0.14,-0.0951610961961847,,-0.341502441122269,0.14,-0.0584917836115044,,-0.334505529817131,0.14,-0.0770469603793055,,-0.320280151872601,0.14,-0.125207676393822,,-0.390791658953008,0.14,-0.0280365766319496,,,-0.3380039854697,0.14,-0.0770469603793055
-0.331518349630403,0.14,-0.154553714270694,,-0.434176787565563,0.14,-0.0949223662427747,,-0.347530260388086,0.14,-0.0514425288114846,,-0.344259694957066,0.14,-0.0681441681740352,,-0.318395219409581,0.14,-0.121166866652868,,-0.397500475522314,0.14,-0.0236945784015712,,,-0.345894977672576,0.14,-0.0681441681740352
-0.338615588659869,0.14,-0.143858389874189,,-0.443179938203637,0.14,-0.0901877760810844,,-0.354829999673737,0.14,-0.0434805548809204,,-0.354891115305663,0.14,-0.0589808207589468,,-0.316956974284537,0.14,-0.117195177100664,,-0.405390512241851,0.14,-0.0186137960581428,,,-0.3548605574897,0.14,-0.0589808207589468
-0.34745729839678,0.14,-0.132669992229834,,-0.453980935641271,0.14,-0.0845776783586082,,-0.363188213726313,0.14,-0.0346082561130731,,-0.36591144572501,0.14,-0.0526673915158318,,-0.315854349820294,0.14,-0.113212042841713,,-0.414291404195869,0.14,-0.0128193938043868,,,-0.364549829725661,0.14,-0.0526673915158318
-0.356439336348877,0.14,-0.121350548515972,,-0.465783389155405,0.14,-0.0709002825244984,,-0.372259458268528,0.14,-0.0249638584046548,,-0.377347175713457,0.14,-0.0470553285124811,,-0.315191029694581,0.14,-0.109273242038383,,-0.424221082485734,0.14,-0.0060864561227052,,,-0.374803316990992,0.14,-0.0470553285124811
-0.363091032029459,0.14,-0.111048748546295,,-0.476671527520983,0.14,-0.0640357557753755,,-0.382126933411439,0.14,-0.0144275595924379,,-0.389380245457844,0.14,-0.0414115176831246,,-0.320190690993414,0.14,-0.103192199462306,,-0.435014170468427,0.14,0.0015425643993302,,,-0.385753589434641,0.14,-0.0414115176831246
-0.356170212739366,0.14,-0.106851012240307,,-0.487014876595767,0.14,-0.0611330597915732,,-0.392554648753716,0.14,-0.00303879802565624,,-0.40241731424565,0.14,-0.0294722411437025,,-0.328995454200806,0.14,-0.0954822182852589,,-0.446262333154434,0.14,0.0096891233212431,,,-0.397485981499683,0.14,-0.0294722411437025
-0.350218145942659,0.14,-0.103079414121802,,-0.497402842461878,0.14,-0.0582536601482405,,-0.402777507549342,0.14,0.00871889419047855,,-0.415186890333918,0.14,-0.0151078430006312,,-0.328262531775976,0.14,-0.0893271391688125,,-0.457875111710997,0.14,0.0233852149154107,,,-0.40898219894163,0.14,-0.0151078430006312
-0.346496528668925,0.14,-0.0940740190951009,,-0.507819044046443,0.14,-0.0552439840842819,,-0.41272695406992,0.14,0.0209220346368657,,-0.427446022620649,0.14,-0.000694540262636607,,-0.330017013668751,0.14,-0.0852092452817744,,-0.469485619300948,0.14,0.0401136136434771,,,-0.420086488345284,0.14,-0.000694540262636607
-0.340757556538902,0.14,-0.0955432379116118,,-0.518386371367413,0.14,-0.0520646811057212,,-0.422581690760396,0.14,0.0340043294982319,,-0.439222591825139,0.14,0.0136385870136148,,-0.332862686563818,0.14,-0.0806303183101654,,-0.480616074861698,0.14,0.0564232246996108,,,-0.430902141292767,0.14,0
-0.335922283082996,0.14,-0.0969195985737404,,-0.52895535107097,0.14,-0.0487698967819468,,-0.431694469777721,0.14,0.0466336422193453,,-0.450076474238821,0.14,0.0273945814327788,,-0.340513165335538,0.14,-0.0728060940288305,,-0.491448083326666,0.14,0.072775478470915,,,-0.440885472008271,0.14,0
-0.332273587521885,0.14,-0.0979964597556124,,-0.539121021845349,0.14,-0.0453127259901403,,-0.440023525499387,0.14,0.0582371931587365,,-0.460209744554959,0.14,0.0380601910576344,,-0.349954167036464,0.14,-0.0619794069471847,,-0.501986586671749,0.14,0.0890064098784763,,,-0.450116635027173,0.14,0
-0.329948787278163,0.14,-0.0987266074954478,,-0.54875161558003,0.14,-0.0415942011342678,,-0.447762047222304,0.14,0.069140940036456,,-0.469834521458861,0.14,0.0466137629189617,,-0.36047154051281,0.14,-0.0500931718330126,,-0.511867958288999,0.14,0.104733223870312,,,-0.458798284340582,0.14,0
-0.328871159977326,0.14,-0.099129274375611,,-0.557986259606934,0.14,-0.0376560863148596,,-0.454742075906647,0.14,0.0791085268765985,,-0.478762664886964,0.14,0.0540457991621474,,-0.371936881524458,0.14,-0.0369844204550137,,-0.521036773822507,0.14,0.120318033318776,,,-0.466752370396805,0.14,0
-0.329172258375907,0.14,-0.098877652108972,,-0.566853391068095,0.14,-0.0336570998505912,,-0.461033798952766,0.14,0.0879376475941911,,-0.486944004427257,0.14,0.0602678271175924,,-0.384339876018263,0.14,-0.0224381136028553,,-0.529526396695972,0.14,0.136001897116248,,,-0.473988901690011,0.14,0
-0.330659545577392,0.14,-0.0984674910066808,,-0.570365006169484,0.14,-0.0343277653928669,,-0.466744116137509,0.14,0.0956916984722876,,-0.494576961953292,0.14,0.0653720251142003,,-0.397402434206808,0.14,-0.00645721762466372,,-0.53724031598201,0.14,0.150961325763469,,,-0.4806605390454,0.14,0
-0.333958466338334,0.14,-0.0965607404239487,,-0.574829803271947,0.14,-0.0331077996887858,,-0.471744049317086,0.14,0.102433378801898,,-0.501922976555731,0.14,0.0696660094486652,,-0.410605295652471,0.14,0.0107318939947049,,-0.54426344637548,0.14,0.164425590002641,,,-0.486833512936409,0.14,0.0107318939947049
-0.337707307615586,0.14,-0.0949492153698009,,-0.583103966883817,0.14,-0.028790475592416,,-0.475799541231107,0.14,0.108753911361804,,-0.509071721977913,0.14,0.0730200050751395,,-0.423915480310661,0.14,0.0292219657034482,,-0.551521700052771,0.14,0.17446999448176,,,-0.49243563160451,0.14,0.0292219657034482
-0.342597806036105,0.14,-0.0929102113453854,,-0.590738718565905,0.14,-0.0246919715846888,,-0.478906232023202,0.14,0.115318128634782,,-0.516030202177431,0.14,0.0756377883103979,,-0.437085623351897,0.14,0.0489142674302467,,-0.558740610047481,0.14,0.18328649412495,,,-0.497468217100316,0.14,0.0489142674302467
-0.348464169994366,0.14,-0.0904802808218125,,-0.597638051936114,0.14,-0.0209562076088904,,-0.480856581260115,0.14,0.116633690127116,,-0.519965984673558,0.14,0.0773348493746293,,-0.449414916600104,0.14,0.0691607355254018,,-0.565947629089483,0.14,0.191302657952363,,,-0.500411282966837,0.14,0.0691607355254018
-0.35560042073856,0.14,-0.0875424444447832,,-0.603942523670888,0.14,-0.0174250507216089,,-0.482510498119513,0.14,0.117728886045765,,-0.522818515697409,0.14,0.0776893232588531,,-0.471235023992616,0.14,0.10989113711571,,-0.573022002436327,0.14,0.198614360175705,,,-0.502664506908461,0.14,0.0776893232588531
-0.364545150851665,0.14,-0.0837897845878186,,-0.609701745254663,0.14,-0.0138765295337473,,-0.485350461474554,0.14,0.120627132935025,,-0.529491759374799,0.14,0.0803917944425458,,-0.480775471530472,0.14,0.13088712364283,,-0.579678031753058,0.14,0.20576486482386,,,-0.507421110424677,0.14,0.0803917944425458
-0.373523733652691,0.14,-0.0800974196279587,,-0.614938990249277,0.14,-0.0104057587512689,,-0.487585353739988,0.14,0.123648609567319,,-0.535975667665297,0.14,0.0825159129943971,,-0.489811989197183,0.14,0.150491248716042,,-0.585849591510176,0.14,0.212878238703571,,,-0.51289382843124,0.14,0.0825159129943971
-0.382565984904713,0.14,-0.0764617787029283,,-0.619643958513786,0.14,-0.00744682634667893,,-0.489557986501496,0.14,0.126104423153442,,-0.542495918754894,0.14,0.0845627056940669,,-0.498255718411759,0.14,0.16922010129329,,-0.591582869315459,0.14,0.219618945978501,,,-0.520375818583327,0.14,0.0845627056940669
-0.391499839217895,0.14,-0.0728682796678049,,-0.623805886806938,0.14,-0.00518626724244936,,-0.491095052039924,0.14,0.126869794102125,,-0.54921696441687,0.14,0.0866028571438013,,-0.505729657763616,0.14,0.187103884667249,,-0.596754059288254,0.14,0.225938701777342,,,-0.527473311090243,0.14,0.0866028571438013
-0.400396687128544,0.14,-0.0692401894086485,,-0.627388846424107,0.14,-0.00363733163377815,,-0.492235334836049,0.14,0.127032209107774,,-0.555919794067499,0.14,0.0885629355915623,,-0.510314604085017,0.14,0.198854902173878,,-0.605366036703042,0.14,0.23791248802223,,,-0.533117199076258,0.14,0.0885629355915623
-0.41855731513067,0.14,-0.0603627521954654,,-0.630442057644924,0.14,-0.00282736313596485,,-0.493282694313209,0.14,0.127167160773998,,-0.56227058831488,0.14,0.0907603738122249,,-0.51390776193545,0.14,0.207754922967918,,-0.608956553005513,0.14,0.242773834251219,,,-0.538089175125165,0.14,0.0907603738122249
-0.426578017087369,0.14,-0.05698600213395,,-0.633093645115148,0.14,-0.00272195725062631,,-0.494373676842904,0.14,0.127495799934557,,-0.568229458835822,0.14,0.0935688472161009,,-0.517167424319606,0.14,0.215167172790319,,-0.612235783866735,0.14,0.246380478624947,,,-0.542698441577714,0.14,0.0935688472161009
-0.43424116425799,0.14,-0.0536421804078695,,-0.635403426199272,0.14,-0.00311819060018391,,-0.495379255026096,0.14,0.127868337908558,,-0.573832928298407,0.14,0.0966288351873459,,-0.520105072285726,0.14,0.221158256959489,,-0.615164357735358,0.14,0.249025880656315,,,-0.546969000292067,0.14,0.0966288351873459
-0.441577531236563,0.14,-0.0503915028406623,,-0.637321725621971,0.14,-0.0037493018936634,,-0.496205635016209,0.14,0.128339881068688,,-0.578928504740667,0.14,0.0992726166890663,,-0.522750139262754,0.14,0.225823834911202,,-0.617530917280295,0.14,0.251135864614973,,,-0.550839322001711,0.14,0.0992726166890663
-0.44868757701223,0.14,-0.0473255055485059,,-0.638823912108661,0.14,-0.00449014140153654,,-0.496793632237432,0.14,0.129035687446022,,-0.58357217808839,0.14,0.101006211720436,,-0.525189538936635,0.14,0.229147618525496,,-0.619087427655794,0.14,0.253449960450551,,,-0.554380858512512,0.14,0.101006211720436
-0.455417822239855,0.14,-0.0446734043117913,,-0.639867593093347,0.14,-0.00550350048635347,,-0.497203350018521,0.14,0.129879656580029,,-0.587760058963663,0.14,0.102374518539925,,-0.527511138660862,0.14,0.231016316927025,,-0.620014192609841,0.14,0.255727981117196,,,-0.557635598812263,0.14,0.102374518539925
-0.461513525435427,0.14,-0.0425073286967487,,-0.640532963874779,0.14,-0.00678232314244244,,-0.49751620953201,0.14,0.130612143456062,,-0.591310465890551,0.14,0.104375870174702,,-0.529787862094576,0.14,0.231272012992216,,-0.620739864906896,0.14,0.256848370854304,,,-0.560549163992564,0.14,0.104375870174702
-0.467502817819444,0.14,-0.0395738229062202,,-0.639804393549123,0.14,-0.00964448926862446,,-0.497739160898327,0.14,0.131196211785142,,-0.593813167206433,0.14,0.105960928543278,,-0.531940468015721,0.14,0.23025579974043,,-0.621345978014088,0.14,0.256598236108041,,,-0.562876817611077,0.14,0.105960928543278
-0.47267095420447,0.14,-0.037583581019855,,-0.640066418336389,0.14,-0.0110437868231494,,-0.497846424673987,0.14,0.131953281568222,,-0.594433888950985,0.14,0.107680077021189,,-0.533842674175394,0.14,0.228470875520617,,-0.622019313709613,0.14,0.254821856353957,,,-0.564138281563189,0.14,0.107680077021189
-0.477117380385945,0.14,-0.0363036838420663,,-0.639481667342561,0.14,-0.0149960658978558,,-0.49760955962762,0.14,0.132167963458456,,-0.595736843091383,0.14,0.108398995119617,,-0.536011914871104,0.14,0.223255614590729,,-0.622679482273324,0.14,0.252488569770611,,,-0.565874378981243,0.14,0.108398995119617
-0.481134968449385,0.14,-0.0351941860920477,,-0.639662053953821,0.14,-0.0162836808099665,,-0.497696958982495,0.14,0.132221555253668,,-0.597606891421706,0.14,0.111819468539773,,-0.537217817382286,0.14,0.22027160136254,,-0.62330172463498,0.14,0.249965622781209,,,-0.567412354401996,0.14,0.111819468539773
-0.484806075510366,0.14,-0.0340095988498247,,-0.639693798936345,0.14,-0.0174358121440936,,-0.49802626936518,0.14,0.131420549150241,,-0.599101296789223,0.14,0.113236986273565,,-0.538188270304842,0.14,0.2168602298078,,-0.62383263250576,0.14,0.247187645066574,,,-0.568644783547032,0.14,0.113236986273565
-0.488200043316674,0.14,-0.0325985088047691,,-0.639633414594438,0.14,-0.0179140123383812,,-0.498043658978782,0.14,0.130771904107657,,-0.600206663893556,0.14,0.113493721863265,,-0.538930479173536,0.14,0.213146845463124,,-0.624264677938119,0.14,0.244222951450144,,,-0.569568571533546,0.14,0.113493721863265
-0.494903760630721,0.14,-0.0293167587914723,,-0.639352195493232,0.14,-0.0169250200375749,,-0.49770711482027,0.14,0.12947424052688,,-0.601064411500217,0.14,0.113602748504009,,-0.539381093198313,0.14,0.209315683226259,,-0.6245529029213,0.14,0.241423547674726,,,-0.570222752349265,0.14,0.113602748504009
-0.501641296044316,0.14,-0.0259626689643472,,-0.638196524487599,0.14,-0.0175550419432544,,-0.497014492865825,0.14,0.128834099188861,,-0.601697886758354,0.14,0.114094311144343,,-0.539547073954004,0.14,0.205471933638082,,-0.624698958026606,0.14,0.239096125477182,,,-0.570622480356179,0.14,0.114094311144343
-0.505668206963463,0.14,-0.0238743706092807,,-0.63713198863203,0.14,-0.0184643189950426,,-0.496014152754293,0.14,0.127022321480478,,-0.602179489675955,0.14,0.114789704244141,,-0.539353425172932,0.14,0.201356518235651,,-0.624729015292759,0.14,0.237138450156923,,,-0.570766457424443,0.14,0.114789704244141
-0.507658338676463,0.14,-0.0231313628732089,,-0.636087716924093,0.14,-0.0180515683242389,,-0.495064044595678,0.14,0.124942749136252,,-0.602708728586457,0.14,0.11555256089226,,-0.538894791505773,0.14,0.197119648540182,,-0.624599345718993,0.14,0.235290528459717,,,-0.570801760046115,0.14,0.11555256089226
-0.509041338606331,0.14,-0.0219401168274419,,-0.635201432473032,0.14,-0.0173312008573758,,-0.494185080538913,0.14,0.122924126305308,,-0.603343229666013,0.14,0.116203670399662,,-0.538449895725492,0.14,0.193525087576915,,-0.624342328245495,0.14,0.233757745682179,,,-0.570896562695752,0.14,0.116203670399662
-0.510239067476301,0.14,-0.0207679367984938,,-0.634452153117955,0.14,-0.0174630355251304,,-0.493337358519124,0.14,0.120977681543592,,-0.604108159374767,0.14,0.116378104822436,,-0.538135980666632,0.14,0.190934258821538,,-0.624091726231613,0.14,0.233000644810758,,,-0.571122070020699,0.14,0.116378104822436
-0.51121909391251,0.14,-0.0197454486737078,,-0.633759972776907,0.14,-0.0207068050524064,,-0.492658520557063,0.14,0.119342595059682,,-0.605018904036651,0.14,0.1151359166453,,-0.538819413061384,0.14,0.18849373892731,,-0.623946991060391,0.14,0.233366839146544,,,-0.571919158549017,0.14,0.1151359166453
-0.51202844038698,0.14,-0.0188118161958233,,-0.633270565846961,0.14,-0.0234665208442295,,-0.492239485003368,0.14,0.118228859490622,,-0.606265670961503,0.14,0.114736544444,,-0.539873108884148,0.14,0.187015029990197,,-0.623800431880302,0.14,0.234620074799043,,,-0.573069389922826,0.14,0.114736544444
-0.512725875685394,0.14,-0.0179467386516408,,-0.633114933927727,0.14,-0.0240630964420686,,-0.491997524917392,0.14,0.117805601100631,,-0.608253554369544,0.14,0.115944099243598,,-0.540648086492367,0.14,0.185484381554746,,-0.623544326372585,0.14,0.23606434044525,,,-0.574450820430956,0.14,0.115944099243598
-0.513282784972081,0.14,-0.0171945074515226,,-0.633186558798515,0.14,-0.0234307425185414,,-0.491708681571575,0.14,0.117422510277632,,-0.610051711555291,0.14,0.117094445785753,,-0.541017401430237,0.14,0.18390626250947,,-0.623204291873975,0.14,0.237133463805388,,,-0.575534556492764,0.14,0.117094445785753
-0.513626521602228,0.14,-0.01663317726691,,-0.633401590284622,0.14,-0.0219415541559324,,-0.49132339003524,0.14,0.117020227221598,,-0.611478179715636,0.14,0.117630528727731,,-0.541225412083319,0.14,0.179586454014828,,-0.622894681287219,0.14,0.237917072671477,,,-0.576351795899478,0.14,0.117020227221598
-0.513742911883287,0.14,-0.0163582465339868,,-0.633074796748538,0.14,-0.0216655163535856,,-0.490911879048699,0.14,0.116683650328119,,-0.612597796133502,0.14,0.117954957767672,,-0.541201170897069,0.14,0.179502466316525,,-0.62262986801961,0.14,0.238839151691555,,,-0.576899483515285,0.14,0.116683650328119
-0.513369077139104,0.14,-0.0170163167944864,,-0.632992414019484,0.14,-0.0210275998705416,,-0.490498346169485,0.14,0.116335701979983,,-0.613456602824815,0.14,0.118136836937554,,-0.541181542179499,0.14,0.179697732915923,,-0.622377921225284,0.14,0.240098677286097,,,-0.577319072502157,0.14,0.116335701979983
-0.513275375108886,0.14,-0.0167871572987,,-0.633018886154872,0.14,-0.0201832310961113,,-0.49008645915326,0.14,0.115947097081397,,-0.614128305568834,0.14,0.118360244694412,,-0.541202255007603,0.14,0.179914502063705,,-0.622093331150704,0.14,0.241518678391027,,,-0.577665280288219,0.14,0.115947097081397
-0.513096726570339,0.14,-0.0166890053148401,,-0.633404016505699,0.14,-0.0188427027259699,,-0.489672545974802,0.14,0.11555334515658,,-0.614629662058927,0.14,0.118637249314372,,-0.541246492981183,0.14,0.179927930507248,,-0.621799321798374,0.14,0.243030583057154,,,-0.577938077520055,0.14,0.11555334515658
-0.513276687404015,0.14,-0.0162394729130525,,-0.633599111919938,0.14,-0.0177470356038384,,-0.48927083402257,0.14,0.11518066441479,,-0.615275101865806,0.14,0.120173329973013,,-0.541320163508914,0.14,0.179810934120119,,-0.621722413733518,0.14,0.244179547645101,,,-0.57829763268736,0.14,0.11518066441479
-0.513578267376281,0.14,-0.0153817348063912,,-0.633573309438471,0.14,-0.0169608668620356,,-0.488877987324938,0.14,0.11477935059835,,-0.61532210428823,0.14,0.121072240888258,,-0.54134872953248,0.14,0.179713142210759,,-0.621701571443951,0.14,0.245282307183583,,,-0.578335416910355,0.14,0.11477935059835
-0.514091928000224,0.14,-0.0143177983072705,,-0.63336007788341,0.14,-0.0164211762383923,,-0.488493486308492,0.14,0.114356841255941,,-0.615560778233353,0.14,0.122884880606737,,-0.541226672142538,0.14,0.179632161170108,,-0.621448026708746,0.14,0.246758714216148,,,-0.578393725187946,0.14,0.114356841255941
-0.514221465570583,0.14,-0.0136416120126774,,-0.63280855040597,0.14,-0.0155340115594175,,-0.488137719838959,0.14,0.114035053756238,,-0.616792472137659,0.14,0.127091267099039,,-0.540898419620355,0.14,0.180137396620113,,-0.621115895339293,0.14,0.249370638652806,,,-0.578845445879007,0.14,0.114035053756238
-0.514562921534634,0.14,-0.0123307995500506,,-0.632619875926156,0.14,-0.0150591166527951,,-0.487804439730356,0.14,0.113860970071323,,-0.617624841790761,0.14,0.130929828109201,,-0.540847681103709,0.14,0.180700097317268,,-0.620823012444739,0.14,0.250421726244638,,,-0.579236261447235,0.14,0.113860970071323
-0.514715059056921,0.14,-0.0119251422258685,,-0.632692209186106,0.14,-0.0141915966801405,,-0.487409110325827,0.14,0.114192517542953,,-0.617367378089091,0.14,0.136836070760221,,-0.540610064047475,0.14,0.181714037846779,,-0.620548464019017,0.14,0.251591628330899,,,-0.578988721068283,0.14,0.114192517542953
-0.514920918208674,0.14,-0.0108343127133563,,-0.632848391220363,0.14,-0.0132220370873436,,-0.487183181157902,0.14,0.114341330117936,,-0.61713637353132,0.14,0.140214759832989,,-0.540527214654089,0.14,0.182347209261938,,-0.620327115263151,0.14,0.252716108112923,,,-0.578831794092705,0.14,0.114341330117936
-0.515211943766376,0.14,-0.0096757058623255,,-0.632952268482479,0.14,-0.0122901361823938,,-0.487053680095272,0.14,0.114700185431676,,-0.616822574063825,0.14,0.143230045147558,,-0.540030620830673,0.14,0.184521708199837,,-0.620115985925291,0.14,0.254178034330751,,,-0.578426597447249,0.14,0.114700185431676
-0.515549489061079,0.14,-0.00847452109927452,,-0.632972963923129,0.14,-0.0114584680639496,,-0.487012029816242,0.14,0.115215651446411,,-0.616554439533791,0.14,0.145883004906705,,-0.53975920484554,0.14,0.186130962043043,,-0.619899371107115,0.14,0.255576729862337,,,-0.578156822189666,0.14,0.115215651446411
-0.51659301097806,0.14,-0.00517141769914338,,-0.632870168888312,0.14,-0.00911354083552085,,-0.487048675016557,0.14,0.115831008486773,,-0.616153900955458,0.14,0.14788506197684,,-0.539714943114717,0.14,0.18715333010502,,-0.619666756617352,0.14,0.256969699355806,,,-0.577934422035087,0.14,0.115831008486773
-0.516923384765423,0.14,-0.00419525566556231,,-0.632759322210495,0.14,-0.00849245606555821,,-0.487091125533784,0.14,0.11696618943215,,-0.615748240551014,0.14,0.149707951368223,,-0.539382001504292,0.14,0.189015189847326,,-0.619444309483734,0.14,0.258267234539235,,,-0.577565121027653,0.14,0.11696618943215
-0.517279293606655,0.14,-0.00321842487226813,,-0.632560721412401,0.14,-0.00722790679147273,,-0.487271591400064,0.14,0.117900815040995,,-0.61533758063985,0.14,0.151221502695296,,-0.539236930038456,0.14,0.1902944812647,,-0.61924500200151,0.14,0.259492431136583,,,-0.577287255339153,0.14,0.117900815040995
-0.517678770922036,0.14,-0.00221310515607373,,-0.63233642536851,0.14,-0.00672992266135963,,-0.487426445251513,0.14,0.118812069107012,,-0.614895960709547,0.14,0.152401250276767,,-0.539092581193434,0.14,0.191359784919677,,-0.619057934091664,0.14,0.260657293270964,,,-0.57699427095149,0.14,0.118812069107012
-0.518068715614738,0.14,-0.00124818733398202,,-0.632063931678253,0.14,-0.00485299917536966,,-0.487550555367061,0.14,0.120087070644415,,-0.614452939983294,0.14,0.153602138554357,,-0.538952813309803,0.14,0.192345767759316,,-0.619112479247841,0.14,0.26300539081588,,,-0.576702876646549,0.14,0.120087070644415
-0.518489024446092,0.14,-0.000257480700211643,,-0.631848875299382,0.14,-0.00454274661648071,,-0.48775178840036,0.14,0.120820415851914,,-0.614093331105023,0.14,0.153042642948658,,-0.53880931049089,0.14,0.193296202529867,,-0.619112479247841,0.14,0.26300539081588,,,-0.576451320797957,0.14,0.120820415851914
